<?xml version="1.0"?>
<!DOCTYPE hibernate-mapping PUBLIC "-//Hibernate/Hibernate Mapping DTD 3.0//EN"
"http://hibernate.sourceforge.net/hibernate-mapping-3.0.dtd">
<!-- Generated 25/04/2016 08:33:30 AM by Hibernate Tools 3.4.0.CR1 -->
<hibernate-mapping>
    <class name="mx.tiid.marhnos.schedule.model.Actividades" table="actividades" catalog="marhnos_scheduler">
        <id name="idActividad" type="java.lang.Integer">
            <column name="IdActividad" />
            <generator class="identity" />
        </id>
        <many-to-one name="proyectos" class="mx.tiid.marhnos.schedule.model.Proyectos" fetch="select">
            <column name="IdProyecto" not-null="true" />
        </many-to-one>
        <many-to-one name="usuarios" class="mx.tiid.marhnos.schedule.model.Usuarios" fetch="select">
            <column name="IdUsuario" not-null="true" />
        </many-to-one>
        <property name="descripcion" type="string">
            <column name="Descripcion" length="45" />
        </property>
        <property name="activo" type="java.lang.Boolean">
            <column name="Activo" />
        </property>
        <set name="actividadesasignadases" table="actividadesasignadas" inverse="true" lazy="true" fetch="select">
            <key>
                <column name="IdActividad" not-null="true" />
            </key>
            <one-to-many class="mx.tiid.marhnos.schedule.model.Actividadesasignadas" />
        </set>
    </class>
</hibernate-mapping>
