<?xml version="1.0"?>
<!DOCTYPE hibernate-mapping PUBLIC "-//Hibernate/Hibernate Mapping DTD 3.0//EN"
"http://hibernate.sourceforge.net/hibernate-mapping-3.0.dtd">
<!-- Generated 25/04/2016 08:33:30 AM by Hibernate Tools 3.4.0.CR1 -->
<hibernate-mapping>
    <class name="mx.tiid.marhnos.schedule.model.Proyectos" table="proyectos" catalog="marhnos_scheduler">
        <id name="idProyecto" type="java.lang.Integer">
            <column name="IdProyecto" />
            <generator class="identity" />
        </id>
        <property name="nombre" type="string">
            <column name="Nombre" length="45" />
        </property>
        <property name="activo" type="java.lang.Boolean">
            <column name="Activo" />
        </property>
        <set name="actividadeses" table="actividades" inverse="true" lazy="true" fetch="select">
            <key>
                <column name="IdProyecto" not-null="true" />
            </key>
            <one-to-many class="mx.tiid.marhnos.schedule.model.Actividades" />
        </set>
    </class>
</hibernate-mapping>
