<?xml version="1.0"?>
<!DOCTYPE hibernate-mapping PUBLIC "-//Hibernate/Hibernate Mapping DTD 3.0//EN"
"http://hibernate.sourceforge.net/hibernate-mapping-3.0.dtd">
<!-- Generated 25/04/2016 08:33:30 AM by Hibernate Tools 3.4.0.CR1 -->
<hibernate-mapping>
    <class name="mx.tiid.marhnos.schedule.model.Reportes" table="reportes" catalog="marhnos_scheduler">
        <id name="idReporte" type="java.lang.Integer">
            <column name="IdReporte" />
            <generator class="identity" />
        </id>
        <property name="nombre" type="string">
            <column name="Nombre" length="45" />
        </property>
        <set name="acumuladoses" table="acumulados" inverse="true" lazy="true" fetch="select">
            <key>
                <column name="IdReporte" not-null="true" />
            </key>
            <one-to-many class="mx.tiid.marhnos.schedule.model.Acumulados" />
        </set>
        <set name="actividadesincumplidases" table="actividadesincumplidas" inverse="true" lazy="true" fetch="select">
            <key>
                <column name="IdReporte" not-null="true" />
            </key>
            <one-to-many class="mx.tiid.marhnos.schedule.model.Actividadesincumplidas" />
        </set>
    </class>
</hibernate-mapping>
