<?xml version="1.0"?>
<!DOCTYPE hibernate-mapping PUBLIC "-//Hibernate/Hibernate Mapping DTD 3.0//EN"
"http://hibernate.sourceforge.net/hibernate-mapping-3.0.dtd">
<!-- Generated 25/04/2016 08:33:30 AM by Hibernate Tools 3.4.0.CR1 -->
<hibernate-mapping>
    <class name="mx.tiid.marhnos.schedule.model.Usuarios" table="usuarios" catalog="marhnos_scheduler">
        <id name="idUsuario" type="java.lang.Integer">
            <column name="IdUsuario" />
            <generator class="identity" />
        </id>
        <many-to-one name="areas" class="mx.tiid.marhnos.schedule.model.Areas" fetch="select">
            <column name="IdArea" not-null="true" />
        </many-to-one>
        <property name="usuario" type="string">
            <column name="Usuario" length="45" />
        </property>
        <property name="password" type="string">
            <column name="Password" length="45" />
        </property>
        <property name="nombre" type="string">
            <column name="Nombre" length="45" />
        </property>
        <property name="apaterno" type="string">
            <column name="APaterno" length="45" />
        </property>
        <property name="amaterno" type="string">
            <column name="AMaterno" length="45" />
        </property>
        <property name="activo" type="java.lang.Boolean">
            <column name="Activo" />
        </property>
        <set name="actividadeses" table="actividades" inverse="true" lazy="true" fetch="select">
            <key>
                <column name="IdUsuario" not-null="true" />
            </key>
            <one-to-many class="mx.tiid.marhnos.schedule.model.Actividades" />
        </set>
    </class>
</hibernate-mapping>
