<?xml version="1.0" encoding="utf-8"?>
<!DOCTYPE hibernate-configuration PUBLIC
"-//Hibernate/Hibernate Configuration DTD 3.0//EN"
"http://hibernate.sourceforge.net/hibernate-configuration-3.0.dtd">
<hibernate-configuration>
    <session-factory name="sessionFactory">
        <property name="hibernate.connection.driver_class">com.mysql.jdbc.Driver</property>
        <property name="hibernate.connection.password">root</property>
        <property name="hibernate.connection.url">jdbc:mysql://localhost:3306/marhnos_scheduler</property>
        <property name="hibernate.connection.username">root</property>
        <property name="hibernate.dialect">org.hibernate.dialect.MySQLDialect</property>
        <property name="hibernate.search.autoregister_listeners">false</property>
        <mapping resource="mx/tiid/marhnos/schedule/model/Actividades.hbm.xml" />
        <mapping resource="mx/tiid/marhnos/schedule/model/Areas.hbm.xml" />
        <mapping resource="mx/tiid/marhnos/schedule/model/Actividadesasignadas.hbm.xml" />
        <mapping resource="mx/tiid/marhnos/schedule/model/Actividadesincumplidas.hbm.xml" />
        <mapping resource="mx/tiid/marhnos/schedule/model/Reportes.hbm.xml" />
        <mapping resource="mx/tiid/marhnos/schedule/model/Usuarios.hbm.xml" />
        <mapping resource="mx/tiid/marhnos/schedule/model/Proyectos.hbm.xml" />
        <mapping resource="mx/tiid/marhnos/schedule/model/Acumulados.hbm.xml" />
        <mapping resource="mx/tiid/marhnos/schedule/model/Causasincumplimiento.hbm.xml" />
        <mapping resource="mx/tiid/marhnos/schedule/model/Semanas.hbm.xml" />
    </session-factory>
</hibernate-configuration>
